{
  "points": [
    {
      "lat": 17.6296053,
      "lng": 121.6961789
    },
    {
      "lat": 17.6246565,
      "lng": 121.6934109
    },
    {
      "lat": 17.6141037,
      "lng": 121.6881216
    },
    {
      "lat": 17.6124061,
      "lng": 121.6872417
    },
    {
      "lat": 17.6118643,
      "lng": 121.686952
    },
    {
      "lat": 17.6112916,
      "lng": 121.6866624
    },
    {
      "lat": 17.6105143,
      "lng": 121.6863083
    },
    {
      "lat": 17.608868,
      "lng": 121.6857289
    },
    {
      "lat": 17.606833,
      "lng": 121.6849995
    },
    {
      "lat": 17.6052785,
      "lng": 121.6844844
    },
    {
      "lat": 17.6038877,
      "lng": 121.6840445
    },
    {
      "lat": 17.6025482,
      "lng": 121.6836475
    },
    {
      "lat": 17.6020471,
      "lng": 121.6835511
    },
    {
      "lat": 17.600462,
      "lng": 121.6833471
    },
    {
      "lat": 17.5980689,
      "lng": 121.683079
    },
    {
      "lat": 17.5956452,
      "lng": 121.6828215
    },
    {
      "lat": 17.5922191,
      "lng": 121.6824244
    },
    {
      "lat": 17.5917077,
      "lng": 121.6823387
    },
    {
      "lat": 17.5911043,
      "lng": 121.6822206
    },
    {
      "lat": 17.5899077,
      "lng": 121.681931
    },
    {
      "lat": 17.5895499,
      "lng": 121.6817915
    },
    {
      "lat": 17.5891611,
      "lng": 121.6817163
    },
    {
      "lat": 17.5877395,
      "lng": 121.6816735
    },
    {
      "lat": 17.5870135,
      "lng": 121.6816842
    },
    {
      "lat": 17.5842622,
      "lng": 121.6819095
    },
    {
      "lat": 17.581102,
      "lng": 121.6823279
    },
    {
      "lat": 17.5804268,
      "lng": 121.6823708
    },
    {
      "lat": 17.5759471,
      "lng": 121.6823172
    },
    {
      "lat": 17.5748527,
      "lng": 121.6823708
    },
    {
      "lat": 17.5740345,
      "lng": 121.6824352
    },
    {
      "lat": 17.5735333,
      "lng": 121.6825211
    },
    {
      "lat": 17.5732572,
      "lng": 121.6826068
    },
    {
      "lat": 17.5727662,
      "lng": 121.682843
    },
    {
      "lat": 17.5722957,
      "lng": 121.6831434
    },
    {
      "lat": 17.5714468,
      "lng": 121.6837763
    },
    {
      "lat": 17.5705057,
      "lng": 121.6845809
    },
    {
      "lat": 17.5695033,
      "lng": 121.6854823
    },
    {
      "lat": 17.5687363,
      "lng": 121.6863083
    },
    {
      "lat": 17.5683986,
      "lng": 121.6868448
    },
    {
      "lat": 17.5680714,
      "lng": 121.6875744
    },
    {
      "lat": 17.5678565,
      "lng": 121.6883253
    },
    {
      "lat": 17.5677339,
      "lng": 121.6890334
    },
    {
      "lat": 17.5676214,
      "lng": 121.6899668
    },
    {
      "lat": 17.5676111,
      "lng": 121.6907501
    },
    {
      "lat": 17.5676725,
      "lng": 121.691544
    },
    {
      "lat": 17.5678258,
      "lng": 121.6921877
    },
    {
      "lat": 17.5679997,
      "lng": 121.6927241
    },
    {
      "lat": 17.5684907,
      "lng": 121.6938508
    },
    {
      "lat": 17.568992,
      "lng": 121.6947519
    },
    {
      "lat": 17.5696976,
      "lng": 121.6958785
    },
    {
      "lat": 17.5709047,
      "lng": 121.6974986
    },
    {
      "lat": 17.5714876,
      "lng": 121.698228
    },
    {
      "lat": 17.5721115,
      "lng": 121.6989791
    },
    {
      "lat": 17.5727355,
      "lng": 121.6996228
    },
    {
      "lat": 17.573564,
      "lng": 121.7003523
    },
    {
      "lat": 17.5749448,
      "lng": 121.7013395
    },
    {
      "lat": 17.5784223,
      "lng": 121.7035711
    },
    {
      "lat": 17.5804268,
      "lng": 121.7046868
    },
    {
      "lat": 17.5817769,
      "lng": 121.7053628
    },
    {
      "lat": 17.582585,
      "lng": 121.7057276
    },
    {
      "lat": 17.585643,
      "lng": 121.7068862
    },
    {
      "lat": 17.5864304,
      "lng": 121.7071652
    },
    {
      "lat": 17.5870543,
      "lng": 121.7074334
    },
    {
      "lat": 17.5874941,
      "lng": 121.7077016
    },
    {
      "lat": 17.5907361,
      "lng": 121.7101585
    },
    {
      "lat": 17.5937327,
      "lng": 121.7123473
    },
    {
      "lat": 17.5987642,
      "lng": 121.7155874
    },
    {
      "lat": 17.6009119,
      "lng": 121.7170464
    },
    {
      "lat": 17.6018016,
      "lng": 121.7177546
    },
    {
      "lat": 17.6023333,
      "lng": 121.7183553
    },
    {
      "lat": 17.6027015,
      "lng": 121.7189455
    },
    {
      "lat": 17.6029367,
      "lng": 121.7198359
    },
    {
      "lat": 17.6030696,
      "lng": 121.7211663
    },
    {
      "lat": 17.603172,
      "lng": 121.7226899
    },
    {
      "lat": 17.603131,
      "lng": 121.7250501
    },
    {
      "lat": 17.6029878,
      "lng": 121.7265629
    },
    {
      "lat": 17.6028448,
      "lng": 121.7273784
    },
    {
      "lat": 17.6025583,
      "lng": 121.7286229
    },
    {
      "lat": 17.6022311,
      "lng": 121.7296742
    },
    {
      "lat": 17.6018732,
      "lng": 121.7304146
    },
    {
      "lat": 17.6013926,
      "lng": 121.7310904
    },
    {
      "lat": 17.5996437,
      "lng": 121.732893
    },
    {
      "lat": 17.59812,
      "lng": 121.7341911
    },
    {
      "lat": 17.5975678,
      "lng": 121.734588
    },
    {
      "lat": 17.5967905,
      "lng": 121.7349743
    },
    {
      "lat": 17.5935998,
      "lng": 121.7363691
    },
    {
      "lat": 17.589151,
      "lng": 121.738268
    },
    {
      "lat": 17.5864304,
      "lng": 121.7393088
    },
    {
      "lat": 17.5850906,
      "lng": 121.7399204
    },
    {
      "lat": 17.5816747,
      "lng": 121.7418622
    },
    {
      "lat": 17.5799053,
      "lng": 121.7429137
    },
    {
      "lat": 17.5793427,
      "lng": 121.7433106
    },
    {
      "lat": 17.5789131,
      "lng": 121.7437505
    },
    {
      "lat": 17.5761618,
      "lng": 121.7474519
    },
    {
      "lat": 17.5731344,
      "lng": 121.7516362
    },
    {
      "lat": 17.5705875,
      "lng": 121.7553591
    },
    {
      "lat": 17.5702603,
      "lng": 121.7560887
    },
    {
      "lat": 17.5680304,
      "lng": 121.7619466
    },
    {
      "lat": 17.5676929,
      "lng": 121.7626977
    },
    {
      "lat": 17.5652279,
      "lng": 121.7666351
    },
    {
      "lat": 17.5622207,
      "lng": 121.7714631
    },
    {
      "lat": 17.5618729,
      "lng": 121.7719137
    },
    {
      "lat": 17.5614534,
      "lng": 121.7722999
    },
    {
      "lat": 17.5608192,
      "lng": 121.7727505
    },
    {
      "lat": 17.5556638,
      "lng": 121.776216
    },
    {
      "lat": 17.5533521,
      "lng": 121.7776429
    },
    {
      "lat": 17.5527179,
      "lng": 121.7779541
    },
    {
      "lat": 17.5494138,
      "lng": 121.7794669
    },
    {
      "lat": 17.5432145,
      "lng": 121.7823099
    },
    {
      "lat": 17.5342224,
      "lng": 121.7860328
    },
    {
      "lat": 17.5330356,
      "lng": 121.7864512
    },
    {
      "lat": 17.5234086,
      "lng": 121.7895411
    },
    {
      "lat": 17.5184567,
      "lng": 121.7908393
    },
    {
      "lat": 17.5181805,
      "lng": 121.8160629
    },
    {
      "lat": 17.5334038,
      "lng": 121.8442153
    },
    {
      "lat": 17.538478,
      "lng": 121.8414687
    },
    {
      "lat": 17.548135,
      "lng": 121.835289
    },
    {
      "lat": 17.5592645,
      "lng": 121.8284224
    },
    {
      "lat": 17.5887214,
      "lng": 121.8009566
    },
    {
      "lat": 17.5952668,
      "lng": 121.7935752
    },
    {
      "lat": 17.6080295,
      "lng": 121.7851638
    },
    {
      "lat": 17.6173043,
      "lng": 121.7811941
    },
    {
      "lat": 17.6177645,
      "lng": 121.7793703
    },
    {
      "lat": 17.6189098,
      "lng": 121.7780828
    },
    {
      "lat": 17.620464,
      "lng": 121.776452
    },
    {
      "lat": 17.623818,
      "lng": 121.7747354
    },
    {
      "lat": 17.6261902,
      "lng": 121.7735338
    },
    {
      "lat": 17.6277444,
      "lng": 121.7725896
    },
    {
      "lat": 17.6288078,
      "lng": 121.7709589
    },
    {
      "lat": 17.630362,
      "lng": 121.7690706
    },
    {
      "lat": 17.6315072,
      "lng": 121.7676973
    },
    {
      "lat": 17.6324888,
      "lng": 121.7669248
    },
    {
      "lat": 17.6348609,
      "lng": 121.7657232
    },
    {
      "lat": 17.6365787,
      "lng": 121.7646932
    },
    {
      "lat": 17.6373148,
      "lng": 121.7640924
    },
    {
      "lat": 17.6382964,
      "lng": 121.7637491
    },
    {
      "lat": 17.6389507,
      "lng": 121.7628908
    },
    {
      "lat": 17.6393597,
      "lng": 121.7619466
    },
    {
      "lat": 17.6396051,
      "lng": 121.7609167
    },
    {
      "lat": 17.6387871,
      "lng": 121.7593717
    },
    {
      "lat": 17.6870656,
      "lng": 121.7813981
    },
    {
      "lat": 17.686534,
      "lng": 121.7432624
    },
    {
      "lat": 17.6862172,
      "lng": 121.7419909
    },
    {
      "lat": 17.6863092,
      "lng": 121.7417604
    },
    {
      "lat": 17.686391,
      "lng": 121.7415618
    },
    {
      "lat": 17.6865391,
      "lng": 121.7413097
    },
    {
      "lat": 17.6866413,
      "lng": 121.741122
    },
    {
      "lat": 17.6867486,
      "lng": 121.7409181
    },
    {
      "lat": 17.6878169,
      "lng": 121.7391049
    },
    {
      "lat": 17.6867845,
      "lng": 121.7381608
    },
    {
      "lat": 17.6858748,
      "lng": 121.7371308
    },
    {
      "lat": 17.6850059,
      "lng": 121.735736
    },
    {
      "lat": 17.6835442,
      "lng": 121.7333864
    },
    {
      "lat": 17.6822459,
      "lng": 121.7306506
    },
    {
      "lat": 17.6810806,
      "lng": 121.7275821
    },
    {
      "lat": 17.6806513,
      "lng": 121.7267024
    },
    {
      "lat": 17.6796189,
      "lng": 121.7245996
    },
    {
      "lat": 17.6780447,
      "lng": 121.7218208
    },
    {
      "lat": 17.6755299,
      "lng": 121.7174542
    },
    {
      "lat": 17.6735878,
      "lng": 121.7142141
    },
    {
      "lat": 17.6717477,
      "lng": 121.7110597
    },
    {
      "lat": 17.670981,
      "lng": 121.7098366
    },
    {
      "lat": 17.6705414,
      "lng": 121.7092037
    },
    {
      "lat": 17.6699997,
      "lng": 121.7086244
    },
    {
      "lat": 17.6693658,
      "lng": 121.7079484
    },
    {
      "lat": 17.6686912,
      "lng": 121.7074226
    },
    {
      "lat": 17.6679448,
      "lng": 121.7069936
    },
    {
      "lat": 17.6672395,
      "lng": 121.7066288
    },
    {
      "lat": 17.66635,
      "lng": 121.7062104
    },
    {
      "lat": 17.6654608,
      "lng": 121.7058348
    },
    {
      "lat": 17.6643976,
      "lng": 121.7054272
    },
    {
      "lat": 17.6632117,
      "lng": 121.7050731
    },
    {
      "lat": 17.6619338,
      "lng": 121.704762
    },
    {
      "lat": 17.6611671,
      "lng": 121.7046224
    },
    {
      "lat": 17.6601242,
      "lng": 121.7044829
    },
    {
      "lat": 17.6587032,
      "lng": 121.7043756
    },
    {
      "lat": 17.6561781,
      "lng": 121.7043328
    },
    {
      "lat": 17.6521499,
      "lng": 121.7041825
    },
    {
      "lat": 17.6514957,
      "lng": 121.7041183
    },
    {
      "lat": 17.650596,
      "lng": 121.7039787
    },
    {
      "lat": 17.6479889,
      "lng": 121.7034315
    },
    {
      "lat": 17.643245,
      "lng": 121.7022084
    },
    {
      "lat": 17.6391348,
      "lng": 121.7008674
    },
    {
      "lat": 17.6373864,
      "lng": 121.7001378
    },
    {
      "lat": 17.6334704,
      "lng": 121.698228
    }
  ]
}